{"n_layers": 3, "n_units": 60, "dropout_rate": 0.18403560635677718, "lr": 0.009869344086880574}